Type of Injury,Soccer_Percentage,Severity
Fracture,11.38908634748066,20
Soft-tissue injury,5.360861384068576,10
Intracranial injury,1.119590215346017,50
Unspecified,1.0625130671126908,5
Dislocation,0.6893163286640184,40
Other specified,0.42588333681789675,5
Open wound,0.3819778381768764,30
